{
    "hsppbo": {
        "max_iteration_count": 2600,
        "w_pers_best": 0.67,
        "w_pers_prev": 0.09,
        "w_parent_best": 0.892,
        "w_rand": 0.002403846153846154,
        "alpha": 2,
        "beta": 10,
        "detection_threshold": 0.386,
        "detection_pause": 5,
        "reaction_type": "full",
        "fixed_rng": false
    },
    "tree": {
        "num_sce_nodes": 13,
        "child_per_node": 3
    },
    "problem": {
        "type": "stsp",
        "name": "fl417",
        "dimension": 417,
        "weight_type": "EUC_2D",
        "statistics": {
            "mean": 1186.6651831683687,
            "median": 1174.7077541482392,
            "coeff_var": 0.5786991301095703,
            "qdc": 0.47356102297485436,
            "R": 0.277095311739845,
            "eigen1": 499252.66781020584
        },
        "dynamic_props": {
            "dynamic_frequency": 100,
            "dynamic_intensity": 0.25,
            "min_iterations_before_dynamic": 1999
        }
    },
    "datetime": "2023-03-20 14:07:48.433378"
}