{
    "hsppbo": {
        "max_iteration_count": 2600,
        "w_pers_best": 0.428,
        "w_pers_prev": 0.153,
        "w_parent_best": 0.984,
        "w_rand": 0.00228310502283105,
        "alpha": 2,
        "beta": 9,
        "detection_threshold": 0.291,
        "detection_pause": 5,
        "reaction_type": "partial",
        "fixed_rng": false
    },
    "tree": {
        "num_sce_nodes": 13,
        "child_per_node": 3
    },
    "problem": {
        "type": "stsp",
        "name": "pr439",
        "dimension": 439,
        "weight_type": "EUC_2D",
        "statistics": {
            "mean": 4328.413065310324,
            "median": 4119.845264084563,
            "coeff_var": 0.6013640153372418,
            "qdc": 0.4755084577552012,
            "R": 0.4701775720360253,
            "eigen1": 2015465.2925878174
        },
        "dynamic_props": {
            "dynamic_frequency": 100,
            "dynamic_intensity": 0.5,
            "min_iterations_before_dynamic": 1999
        }
    },
    "datetime": "2023-03-20 03:08:51.555144"
}