{
    "hsppbo": {
        "max_iteration_count": 2600,
        "w_pers_best": 0.67,
        "w_pers_prev": 0.09,
        "w_parent_best": 0.892,
        "w_rand": 0.005076142131979695,
        "alpha": 2,
        "beta": 10,
        "detection_threshold": 0.386,
        "detection_pause": 5,
        "reaction_type": "full",
        "fixed_rng": false
    },
    "tree": {
        "num_sce_nodes": 13,
        "child_per_node": 3
    },
    "problem": {
        "type": "stsp",
        "name": "d198",
        "dimension": 198,
        "weight_type": "EUC_2D",
        "statistics": {
            "mean": 957.8991352127647,
            "median": 700.9068968440806,
            "coeff_var": 0.8416978457905359,
            "qdc": 0.6531502946062349,
            "R": 0.4335963073839776,
            "eigen1": 216090.73148218164
        },
        "dynamic_props": {
            "dynamic_frequency": 100,
            "dynamic_intensity": 0.25,
            "min_iterations_before_dynamic": 1999
        }
    },
    "datetime": "2023-03-21 12:40:29.782554"
}