{
    "hsppbo": {
        "max_iteration_count": 2600,
        "w_pers_best": 0.073,
        "w_pers_prev": 0.325,
        "w_parent_best": 0.667,
        "w_rand": 0.007407407407407408,
        "alpha": 2,
        "beta": 9,
        "detection_threshold": 0.139,
        "detection_pause": 5,
        "reaction_type": "partial",
        "fixed_rng": false
    },
    "tree": {
        "num_sce_nodes": 13,
        "child_per_node": 3
    },
    "problem": {
        "type": "stsp",
        "name": "pr136",
        "dimension": 136,
        "weight_type": "EUC_2D",
        "statistics": {
            "mean": 6029.324294916694,
            "median": 6217.045118060509,
            "coeff_var": 0.4942675483832575,
            "qdc": 0.42576972067206903,
            "R": 0.8938386693083058,
            "eigen1": 832320.1546765185
        },
        "dynamic_props": {
            "dynamic_frequency": 100,
            "dynamic_intensity": 0.5,
            "min_iterations_before_dynamic": 1999
        }
    },
    "datetime": "2023-03-19 14:04:20.758544"
}