{
    "hsppbo": {
        "max_iteration_count": 2600,
        "w_pers_best": 0.094,
        "w_pers_prev": 0.008,
        "w_parent_best": 0.47,
        "w_rand": 0.0031545741324921135,
        "alpha": 2,
        "beta": 8,
        "detection_threshold": 0.386,
        "detection_pause": 5,
        "reaction_type": "partial",
        "fixed_rng": false
    },
    "tree": {
        "num_sce_nodes": 13,
        "child_per_node": 3
    },
    "problem": {
        "type": "stsp",
        "name": "lin318",
        "dimension": 318,
        "weight_type": "EUC_2D",
        "statistics": {
            "mean": 1843.2314867868113,
            "median": 1777.6539303682048,
            "coeff_var": 0.4917473145688215,
            "qdc": 0.3603453680470795,
            "R": 0.5255732845613839,
            "eigen1": 600710.0565138152
        },
        "dynamic_props": {
            "dynamic_frequency": 100,
            "dynamic_intensity": 0.1,
            "min_iterations_before_dynamic": 1999
        }
    },
    "datetime": "2023-02-27 19:00:29.357789"
}