{
    "hsppbo": {
        "max_iteration_count": 2600,
        "w_pers_best": 0.249,
        "w_pers_prev": 0.774,
        "w_parent_best": 0.972,
        "w_rand": 0.0038314176245210726,
        "alpha": 1,
        "beta": 9,
        "detection_threshold": 0.388,
        "detection_pause": 5,
        "reaction_type": "partial",
        "fixed_rng": false
    },
    "tree": {
        "num_sce_nodes": 13,
        "child_per_node": 3
    },
    "problem": {
        "type": "stsp",
        "name": "gil262",
        "dimension": 262,
        "weight_type": "EUC_2D",
        "statistics": {
            "mean": 101.54779282709671,
            "median": 100.2322300660339,
            "coeff_var": 0.4782216180500579,
            "qdc": 0.3681103810284067,
            "R": 0.7190113169375932,
            "eigen1": 27227.81793104305
        },
        "dynamic_props": {
            "dynamic_frequency": 100,
            "dynamic_intensity": 0.5,
            "min_iterations_before_dynamic": 1999
        }
    },
    "datetime": "2023-02-23 12:37:27.856570"
}