{
    "hsppbo": {
        "max_iteration_count": 2600,
        "w_pers_best": 0.488,
        "w_pers_prev": 0.471,
        "w_parent_best": 0.939,
        "w_rand": 0.0044444444444444444,
        "alpha": 2,
        "beta": 9,
        "detection_threshold": 0.24,
        "detection_pause": 5,
        "reaction_type": "partial",
        "fixed_rng": false
    },
    "tree": {
        "num_sce_nodes": 13,
        "child_per_node": 3
    },
    "problem": {
        "type": "stsp",
        "name": "pr226",
        "dimension": 226,
        "weight_type": "EUC_2D",
        "statistics": {
            "mean": 7469.814846188303,
            "median": 7750.64513443881,
            "coeff_var": 0.4998854479216652,
            "qdc": 0.35285432650872467,
            "R": 0.3403636433316849,
            "eigen1": 1714197.5185103384
        },
        "dynamic_props": {
            "dynamic_frequency": 100,
            "dynamic_intensity": 0.25,
            "min_iterations_before_dynamic": 1999
        }
    },
    "datetime": "2023-03-19 22:52:44.149004"
}