{
    "hsppbo": {
        "max_iteration_count": 2600,
        "w_pers_best": 0.413,
        "w_pers_prev": 0.239,
        "w_parent_best": 0.541,
        "w_rand": 0.005154639175257732,
        "alpha": 2,
        "beta": 9,
        "detection_threshold": 0.364,
        "detection_pause": 5,
        "reaction_type": "full",
        "fixed_rng": false
    },
    "tree": {
        "num_sce_nodes": 13,
        "child_per_node": 3
    },
    "problem": {
        "type": "stsp",
        "name": "rat195",
        "dimension": 195,
        "weight_type": "EUC_2D",
        "statistics": {
            "mean": 115.93797130893627,
            "median": 105.47511554864494,
            "coeff_var": 0.5548454596710318,
            "qdc": 0.417945694214048,
            "R": 1.0449625123557988,
            "eigen1": 23281.757435779873
        },
        "dynamic_props": {
            "dynamic_frequency": 100,
            "dynamic_intensity": 0.25,
            "min_iterations_before_dynamic": 1999
        }
    },
    "datetime": "2023-02-22 20:55:08.316387"
}